{
    "CUBE_PICK": [
        2.5516830566,
        1.4485977857
    ],
    "DOUBLE_SUBSTATION": [
        1.8560192642,
        4.3909244504
    ],
    "DOWN_CONE_H": [
        0.9515101414,
        5.49235418
    ],
    "HOLD": [
        1.5883502564,
        2.6
    ],
    "HYBRID_PLACE": [
        1.5401286531,
        3.4488910694
    ],
    "INTAKE": [
        2.116011789,
        2.2096716249
    ],
    "PLACE_CONE_H": [
        0.9085526899,
        5.9923513026
    ],
    "PLACE_CONE_M": [
        1.4394685267,
        4.7026738592
    ],
    "PLACE_CUBE_H": [
        1.3445883059,
        5.0827987043
    ],
    "PLACE_CUBE_M": [
        1.5898856312,
        4.3088091485
    ],
    "STOWED": [
        1.570796325,
        3.14159265
    ]
}
